Line Order,Line,Line Image Link,Process Order,Process,Process Image Link,Measure,Tag,Set Point,LL,UL,Units
1,360-1,360-1_Process_Image.png,1,Extrusion,360-1_Extruder.png,Temperature Zone 1,[3601_DB33DW2],426,383.4,468.6,C
1,360-1,360-1_Process_Image.png,1,Extrusion,360-1_Extruder.png,Temperature Zone 2,[3601_DB33DW4],437,393.3,480.7,C
1,360-1,360-1_Process_Image.png,1,Extrusion,360-1_Extruder.png,Temperature Zone 3,[3601_DB33DW6],470,423,517,C
1,360-1,360-1_Process_Image.png,1,Extrusion,360-1_Extruder.png,Temperature Zone 4,[3601_DB33DW8],470,423,517,C
1,360-1,360-1_Process_Image.png,1,Extrusion,360-1_Extruder.png,Temperature Zone 5,[3601_DB33DW10],633,569.7,696.3,C
1,360-1,360-1_Process_Image.png,1,Extrusion,360-1_Extruder.png,Temperature Zone 6,[3601_DB33DW12],964,867.6,1060.4,C
1,360-1,360-1_Process_Image.png,1,Extrusion,360-1_Extruder.png,Temperature Zone 7,[3601_DB33DW14],923,830.7,1015.3,C
1,360-1,360-1_Process_Image.png,1,Extrusion,360-1_Extruder.png,Temperature Zone 8,[3601_DB33DW16],6,5.4,6.6,C
1,360-1,360-1_Process_Image.png,1,Extrusion,360-1_Extruder.png,Temperature Zone 9,[3601_DB33DW18],170,153,187,C
1,360-1,360-1_Process_Image.png,1,Extrusion,360-1_Extruder.png,Temperature Zone 10,[3601_DB33DW20],310,279,341,C
1,360-1,360-1_Process_Image.png,1,Extrusion,360-1_Extruder.png,Setpoint extruder speed,[3601_DB20DW416],530,477,583,
1,360-1,360-1_Process_Image.png,1,Extrusion,360-1_Extruder.png,Actual value cooling water temperture,[3601_DB19DW42],202,181.8,222.2,
1,360-1,360-1_Process_Image.png,1,Extrusion,360-1_Extruder.png,Actual value screw cooling inlet temperature,[3601_DB19DW46],123,110.7,135.3,
1,360-1,360-1_Process_Image.png,1,Extrusion,360-1_Extruder.png,Actual value screw cooling outlet temperture,[3601_DB19DW48],785,706.5,863.5,
1,360-1,360-1_Process_Image.png,1,Extrusion,360-1_Extruder.png,Temperature Zone 1 Actual,[3601_DB19DW62],886,797.4,974.6,
1,360-1,360-1_Process_Image.png,1,Extrusion,360-1_Extruder.png,Temperature Zone 2 Actual,[3601_DB19DW64],180,162,198,
1,360-1,360-1_Process_Image.png,1,Extrusion,360-1_Extruder.png,Temperature Zone 3 Actual,[3601_DB19DW66],592,532.8,651.2,
1,360-1,360-1_Process_Image.png,1,Extrusion,360-1_Extruder.png,Temperature Zone 4 Actual,[3601_DB19DW68],949,854.1,1043.9,
1,360-1,360-1_Process_Image.png,1,Extrusion,360-1_Extruder.png,Temperature Zone 5 Actual,[3601_DB19DW70],474,426.6,521.4,
1,360-1,360-1_Process_Image.png,1,Extrusion,360-1_Extruder.png,Temperature Zone 6 Actual,[3601_DB19DW72],844,759.6,928.4,
1,360-1,360-1_Process_Image.png,1,Extrusion,360-1_Extruder.png,Temperature Zone 7 Actual,[3601_DB19DW74],320,288,352,
1,360-1,360-1_Process_Image.png,1,Extrusion,360-1_Extruder.png,Temperature Zone 8 Actual,[3601_DB19DW76],951,855.9,1046.1,
1,360-1,360-1_Process_Image.png,1,Extrusion,360-1_Extruder.png,Temperature Zone 9 Actual,[3601_DB19DW78],867,780.3,953.7,
1,360-1,360-1_Process_Image.png,1,Extrusion,360-1_Extruder.png,Temperature Zone 10 Actual,[3601_DB19DW80],81,72.9,89.1,
1,360-1,360-1_Process_Image.png,1,Extrusion,360-1_Extruder.png,Setpoint extruder speed Actual,[3601_DB19DW0],26,23.4,28.6,
1,360-1,360-1_Process_Image.png,2,Moulding/Filling,360-1_Filling.PNG,Mould close delay LHS,[3601_DB20DW2],882,793.8,970.2,s
1,360-1,360-1_Process_Image.png,2,Moulding/Filling,360-1_Filling.PNG,Mould close delay RHS,[3601_DB20DW4],649,584.1,713.9,s
1,360-1,360-1_Process_Image.png,2,Moulding/Filling,360-1_Filling.PNG,Mould closed time LHS,[3601_DB20DW6],528,475.2,580.8,s
1,360-1,360-1_Process_Image.png,2,Moulding/Filling,360-1_Filling.PNG,Mould closed time RHS,[3601_DB20DW8],486,437.4,534.6,s
1,360-1,360-1_Process_Image.png,2,Moulding/Filling,360-1_Filling.PNG,Del. Mould to fill position LHS,[3601_DB20DW10],4,3.6,4.4,s
1,360-1,360-1_Process_Image.png,2,Moulding/Filling,360-1_Filling.PNG,Del. Mould to fill position RHS,[3601_DB20DW12],59,53.1,64.9,s
1,360-1,360-1_Process_Image.png,2,Moulding/Filling,360-1_Filling.PNG,Mandrel down time LHS,[3601_DB20DW14],358,322.2,393.8,
1,360-1,360-1_Process_Image.png,2,Moulding/Filling,360-1_Filling.PNG,Mandrel down time RHS,[3601_DB20DW16],41,36.9,45.1,
1,360-1,360-1_Process_Image.png,2,Moulding/Filling,360-1_Filling.PNG,Delay mandrel lift LHS,[3601_DB20DW18],624,561.6,686.4,
1,360-1,360-1_Process_Image.png,2,Moulding/Filling,360-1_Filling.PNG,Delay mandrel lift RHS,[3601_DB20DW20],238,214.2,261.8,
1,360-1,360-1_Process_Image.png,2,Moulding/Filling,360-1_Filling.PNG,End mandrel lift LHS,[3601_DB20DW22],521,468.9,573.1,
1,360-1,360-1_Process_Image.png,2,Moulding/Filling,360-1_Filling.PNG,End mandrel lift RHS,[3601_DB20DW24],658,592.2,723.8,
1,360-1,360-1_Process_Image.png,2,Moulding/Filling,360-1_Filling.PNG,Delay sealing LHS,[3601_DB20DW26],841,756.9,925.1,
1,360-1,360-1_Process_Image.png,2,Moulding/Filling,360-1_Filling.PNG,Delay sealing RHS,[3601_DB20DW28],557,501.3,612.7,
1,360-1,360-1_Process_Image.png,2,Moulding/Filling,360-1_Filling.PNG,Sealing Time LHS,[3601_DB20DW30],521,468.9,573.1,
1,360-1,360-1_Process_Image.png,2,Moulding/Filling,360-1_Filling.PNG,Sealing Time RHS,[3601_DB20DW32],295,265.5,324.5,
1,360-1,360-1_Process_Image.png,2,Moulding/Filling,360-1_Filling.PNG,Delay drip suck back LHS,[3601_DB20DW34],486,437.4,534.6,
1,360-1,360-1_Process_Image.png,2,Moulding/Filling,360-1_Filling.PNG,Delay drip suck back RHS,[3601_DB20DW36],452,406.8,497.2,
1,360-1,360-1_Process_Image.png,2,Moulding/Filling,360-1_Filling.PNG,End drip suck back LHS,[3601_DB20DW38],822,739.8,904.2,
1,360-1,360-1_Process_Image.png,2,Moulding/Filling,360-1_Filling.PNG,End drip suck back RHS,[3601_DB20DW40],960,864,1056,
1,360-1,360-1_Process_Image.png,2,Moulding/Filling,360-1_Filling.PNG,Delay Vacuum to Mould LHS,[3601_DB20DW106],326,293.4,358.6,
1,360-1,360-1_Process_Image.png,2,Moulding/Filling,360-1_Filling.PNG,Delay Vacuum to Mould RHS,[3601_DB20DW108],677,609.3,744.7,
1,360-1,360-1_Process_Image.png,2,Moulding/Filling,360-1_Filling.PNG,End Vacuum to Mould LHS,[3601_DB20DW110],85,76.5,93.5,
1,360-1,360-1_Process_Image.png,2,Moulding/Filling,360-1_Filling.PNG,End Vacuum to Mould RHS,[3601_DB20DW112],68,61.2,74.8,
1,360-1,360-1_Process_Image.png,2,Moulding/Filling,360-1_Filling.PNG,Delay Vacuum to Head Mould LHS,[3601_DB20DW114],161,144.9,177.1,
1,360-1,360-1_Process_Image.png,2,Moulding/Filling,360-1_Filling.PNG,Delay Vacuum to Head Mould RHS,[3601_DB20DW116],678,610.2,745.8,
1,360-1,360-1_Process_Image.png,2,Moulding/Filling,360-1_Filling.PNG,End Vacuum to Head Mould LHS,[3601_DB20DW118],603,542.7,663.3,
1,360-1,360-1_Process_Image.png,2,Moulding/Filling,360-1_Filling.PNG,End Vacuum to Head Mould RHS,[3601_DB20DW120],831,747.9,914.1,
1,360-1,360-1_Process_Image.png,2,Moulding/Filling,360-1_Filling.PNG,Delay Vacuum to Head Waste LHS,[3601_DB20DW122],51,45.9,56.1,
1,360-1,360-1_Process_Image.png,2,Moulding/Filling,360-1_Filling.PNG,Delay Vacuum to Head Waste RHS,[3601_DB20DW124],66,59.4,72.6,
1,360-1,360-1_Process_Image.png,2,Moulding/Filling,360-1_Filling.PNG,End Vacuum Head Waste LHS,[3601_DB20DW126],887,798.3,975.7,
1,360-1,360-1_Process_Image.png,2,Moulding/Filling,360-1_Filling.PNG,End Vacuum Head Waste RHS,[3601_DB20DW128],955,859.5,1050.5,
1,360-1,360-1_Process_Image.png,2,Moulding/Filling,360-1_Filling.PNG,Filling delay LHS,[3601_DB20DW130],918,826.2,1009.8,
1,360-1,360-1_Process_Image.png,2,Moulding/Filling,360-1_Filling.PNG,Filling delay RHS,[3601_DB20DW132],650,585,715,
1,360-1,360-1_Process_Image.png,2,Moulding/Filling,360-1_Filling.PNG,Delay Vacuum to Head Mould LHS Min,[3601_DB20DW134],474,426.6,521.4,
1,360-1,360-1_Process_Image.png,2,Moulding/Filling,360-1_Filling.PNG,Delay Vacuum to Head Mould LHS Max,[3601_DB20DW136],29,26.1,31.9,
1,360-1,360-1_Process_Image.png,2,Moulding/Filling,360-1_Filling.PNG,Delay Vacuum to Head Waste LHS Min,[3601_DB20DW138],912,820.8,1003.2,
1,360-1,360-1_Process_Image.png,2,Moulding/Filling,360-1_Filling.PNG,Delay Vacuum to Head Waste LHS Max,[3601_DB20DW140],40,36,44,
1,360-1,360-1_Process_Image.png,2,Moulding/Filling,360-1_Filling.PNG,Delay Vacuum to Head Mould RHS Min,[3601_DB20DW142],954,858.6,1049.4,
1,360-1,360-1_Process_Image.png,2,Moulding/Filling,360-1_Filling.PNG,Delay Vacuum to Head Mould RHS Max,[3601_DB20DW144],483,434.7,531.3,
1,360-1,360-1_Process_Image.png,2,Moulding/Filling,360-1_Filling.PNG,Delay Vacuum to Head Waste RHS Min,[3601_DB20DW146],543,488.7,597.3,
1,360-1,360-1_Process_Image.png,2,Moulding/Filling,360-1_Filling.PNG,Delay Vacuum to Head Waste RHS Max,[3601_DB20DW148],537,483.3,590.7,
1,360-1,360-1_Process_Image.png,2,Moulding/Filling,360-1_Filling.PNG,Delay Product pull back LHS,[3601_DB20DW150],400,360,440,
1,360-1,360-1_Process_Image.png,2,Moulding/Filling,360-1_Filling.PNG,Delay Product pull back RHS,[3601_DB20DW152],510,459,561,
1,360-1,360-1_Process_Image.png,2,Moulding/Filling,360-1_Filling.PNG,Delay dosing step LHS,[3601_DB20DW154],774,696.6,851.4,
1,360-1,360-1_Process_Image.png,2,Moulding/Filling,360-1_Filling.PNG,Delay dosing step RHS,[3601_DB20DW156],913,821.7,1004.3,
1,360-1,360-1_Process_Image.png,2,Moulding/Filling,360-1_Filling.PNG,Pins down from mould delay LHS,[3601_DB20DW174],11,9.9,12.1,
1,360-1,360-1_Process_Image.png,2,Moulding/Filling,360-1_Filling.PNG,Pins down from mould delay RHS,[3601_DB20DW176],288,259.2,316.8,
1,360-1,360-1_Process_Image.png,2,Moulding/Filling,360-1_Filling.PNG,Pins down from 1st step delay LHS,[3601_DB20DW178],963,866.7,1059.3,
1,360-1,360-1_Process_Image.png,2,Moulding/Filling,360-1_Filling.PNG,Pins down from 1st step delay RHS,[3601_DB20DW180],572,514.8,629.2,
1,360-1,360-1_Process_Image.png,2,Moulding/Filling,360-1_Filling.PNG,Setpoint knife cuts to cycle start,[3601_DB20DW226],811,729.9,892.1,
1,360-1,360-1_Process_Image.png,2,Moulding/Filling,360-1_Filling.PNG,Setpoint central lubrication,[3601_DB20DW228],532,478.8,585.2,
1,360-1,360-1_Process_Image.png,2,Moulding/Filling,360-1_Filling.PNG,Delay Knife forward,[3601_DB20DW232],93,83.7,102.3,
1,360-1,360-1_Process_Image.png,2,Moulding/Filling,360-1_Filling.PNG,Delay Knife backward,[3601_DB20DW234],994,894.6,1093.4,
1,360-1,360-1_Process_Image.png,2,Moulding/Filling,360-1_Filling.PNG,Delay Extruder lift,[3601_DB20DW236],278,250.2,305.8,
1,360-1,360-1_Process_Image.png,2,Moulding/Filling,360-1_Filling.PNG,Delay Gripper backward,[3601_DB20DW240],314,282.6,345.4,
1,360-1,360-1_Process_Image.png,2,Moulding/Filling,360-1_Filling.PNG,Delay V47,[3601_DB20DW242],906,815.4,996.6,
1,360-1,360-1_Process_Image.png,2,Moulding/Filling,360-1_Filling.PNG,Time V47,[3601_DB20DW244],815,733.5,896.5,
1,360-1,360-1_Process_Image.png,2,Moulding/Filling,360-1_Filling.PNG,Delay Parision clamp,[3601_DB20DW250],538,484.2,591.8,
1,360-1,360-1_Process_Image.png,2,Moulding/Filling,360-1_Filling.PNG,End parison clamp,[3601_DB20DW252],386,347.4,424.6,
1,360-1,360-1_Process_Image.png,2,Moulding/Filling,360-1_Filling.PNG,Mould cycle time,[3601_DB20DW290],873,785.7,960.3,
1,360-1,360-1_Process_Image.png,2,Moulding/Filling,360-1_Filling.PNG,Mould cycle time (start cycle),[3601_DB20DW292],737,663.3,810.7,
1,360-1,360-1_Process_Image.png,2,Moulding/Filling,360-1_Filling.PNG,Mould cycle decrement time,[3601_DB20DW294],911,819.9,1002.1,
1,360-1,360-1_Process_Image.png,2,Moulding/Filling,360-1_Filling.PNG,Mould cycle waiting time,[3601_DB20DW296],59,53.1,64.9,
1,360-1,360-1_Process_Image.png,2,Moulding/Filling,360-1_Filling.PNG,Setpoint for Support Air LHS,[3601_DB20DW340],204,183.6,224.4,
1,360-1,360-1_Process_Image.png,2,Moulding/Filling,360-1_Filling.PNG,Setpoint for Support Air RHS,[3601_DB20DW342],34,30.6,37.4,
1,360-1,360-1_Process_Image.png,2,Moulding/Filling,360-1_Filling.PNG,Setpoint for knife heating,[3601_DB20DW418],122,109.8,134.2,
1,360-1,360-1_Process_Image.png,2,Moulding/Filling,360-1_Filling.PNG,Cooling water Vacuum pump pressure,[3601_DB19DW10],6,5.4,6.6,
1,360-1,360-1_Process_Image.png,2,Moulding/Filling,360-1_Filling.PNG,Actual value hydraulic oil temperature,[3601_DB19DW44],804,723.6,884.4,
1,360-1,360-1_Process_Image.png,2,Moulding/Filling,360-1_Filling.PNG,1 Car riage to Parison LHS Start,[3601_LHS_Step1_Start],66,59.4,72.6,
1,360-1,360-1_Process_Image.png,2,Moulding/Filling,360-1_Filling.PNG,1 Car riage to Parison LHS Stop,[3601_LHS_Step1_Stop],129,116.1,141.9,
1,360-1,360-1_Process_Image.png,2,Moulding/Filling,360-1_Filling.PNG,10 Dosing LHS Start,[3601_LHS_Step10_Start],314,282.6,345.4,
1,360-1,360-1_Process_Image.png,2,Moulding/Filling,360-1_Filling.PNG,10 Dosing LHS Stop,[3601_LHS_Step10_Stop],261,234.9,287.1,
1,360-1,360-1_Process_Image.png,2,Moulding/Filling,360-1_Filling.PNG,11 Head Mould Close R LHS Start,[3601_LHS_Step11_Start],469,422.1,515.9,
1,360-1,360-1_Process_Image.png,2,Moulding/Filling,360-1_Filling.PNG,11 Head Mould Close R LHS Stop,[3601_LHS_Step11_Stop],650,585,715,
1,360-1,360-1_Process_Image.png,2,Moulding/Filling,360-1_Filling.PNG,12 Head Mould Close L LHS Start,[3601_LHS_Step12_Start],329,296.1,361.9,
1,360-1,360-1_Process_Image.png,2,Moulding/Filling,360-1_Filling.PNG,12 Head Mould Close L LHS Stop,[3601_LHS_Step12_Stop],174,156.6,191.4,
1,360-1,360-1_Process_Image.png,2,Moulding/Filling,360-1_Filling.PNG,13 Head Mould Open R LHS Start,[3601_LHS_Step13_Start],343,308.7,377.3,
1,360-1,360-1_Process_Image.png,2,Moulding/Filling,360-1_Filling.PNG,13 Head Mould Open R LHS Stop,[3601_LHS_Step13_Stop],84,75.6,92.4,
1,360-1,360-1_Process_Image.png,2,Moulding/Filling,360-1_Filling.PNG,14 Head Mould Open L LHS Start,[3601_LHS_Step14_Start],798,718.2,877.8,
1,360-1,360-1_Process_Image.png,2,Moulding/Filling,360-1_Filling.PNG,14 Head Mould Open L LHS Stop,[3601_LHS_Step14_Stop],703,632.7,773.3,
1,360-1,360-1_Process_Image.png,2,Moulding/Filling,360-1_Filling.PNG,15 Mandrel Lift LHS Start,[3601_LHS_Step15_Start],973,875.7,1070.3,
1,360-1,360-1_Process_Image.png,2,Moulding/Filling,360-1_Filling.PNG,15 Mandrel Lift LHS Stop,[3601_LHS_Step15_Stop],275,247.5,302.5,
1,360-1,360-1_Process_Image.png,2,Moulding/Filling,360-1_Filling.PNG,2 Mould Close R LHS Start,[3601_LHS_Step2_Start],321,288.9,353.1,
1,360-1,360-1_Process_Image.png,2,Moulding/Filling,360-1_Filling.PNG,2 Mould Close R LHS Stop,[3601_LHS_Step2_Stop],699,629.1,768.9,
1,360-1,360-1_Process_Image.png,2,Moulding/Filling,360-1_Filling.PNG,2A Mould Slow Close R LHS Start,[3601_LHS_Step2A_Start],386,347.4,424.6,
1,360-1,360-1_Process_Image.png,2,Moulding/Filling,360-1_Filling.PNG,2A Mould Slow Close R LHS Stop,[3601_LHS_Step2A_Stop],708,637.2,778.8,
1,360-1,360-1_Process_Image.png,2,Moulding/Filling,360-1_Filling.PNG,3 Mould Close L LHS Start,[3601_LHS_Step3_Start],36,32.4,39.6,
1,360-1,360-1_Process_Image.png,2,Moulding/Filling,360-1_Filling.PNG,3 Mould Close L LHS Stop,[3601_LHS_Step3_Stop],644,579.6,708.4,
1,360-1,360-1_Process_Image.png,2,Moulding/Filling,360-1_Filling.PNG,3A Mould Slow Close L LHS Start,[3601_LHS_Step3A_Start],892,802.8,981.2,
1,360-1,360-1_Process_Image.png,2,Moulding/Filling,360-1_Filling.PNG,3A Mould Slow Close L LHS Stop,[3601_LHS_Step3A_Stop],292,262.8,321.2,
1,360-1,360-1_Process_Image.png,2,Moulding/Filling,360-1_Filling.PNG,4 Vacuum Body LHS Start,[3601_LHS_Step4_Start],873,785.7,960.3,
1,360-1,360-1_Process_Image.png,2,Moulding/Filling,360-1_Filling.PNG,4 Vacuum Body LHS Stop,[3601_LHS_Step4_Stop],14,12.6,15.4,
1,360-1,360-1_Process_Image.png,2,Moulding/Filling,360-1_Filling.PNG,5 Parison Clamp Close LHS Start,[3601_LHS_Step5_Start],250,225,275,
1,360-1,360-1_Process_Image.png,2,Moulding/Filling,360-1_Filling.PNG,5 Parison Clamp Close LHS Stop,[3601_LHS_Step5_Stop],485,436.5,533.5,
1,360-1,360-1_Process_Image.png,2,Moulding/Filling,360-1_Filling.PNG,5A Parison Clamp Open LHS Start,[3601_LHS_Step5A_Start],797,717.3,876.7,
1,360-1,360-1_Process_Image.png,2,Moulding/Filling,360-1_Filling.PNG,5A Parison Clamp Open LHS Stop,[3601_LHS_Step5A_Stop],468,421.2,514.8,
1,360-1,360-1_Process_Image.png,2,Moulding/Filling,360-1_Filling.PNG,6 Parison Vac LHS Start,[3601_LHS_Step6_Start],820,738,902,
1,360-1,360-1_Process_Image.png,2,Moulding/Filling,360-1_Filling.PNG,6 Parison Vac LHS Stop,[3601_LHS_Step6_Stop],192,172.8,211.2,
1,360-1,360-1_Process_Image.png,2,Moulding/Filling,360-1_Filling.PNG,7 Knife Extend  LHS Start,[3601_LHS_Step7_Start],962,865.8,1058.2,
1,360-1,360-1_Process_Image.png,2,Moulding/Filling,360-1_Filling.PNG,7 Knife Extend  LHS Stop,[3601_LHS_Step7_Stop],383,344.7,421.3,
1,360-1,360-1_Process_Image.png,2,Moulding/Filling,360-1_Filling.PNG,7A Knife Retract LHS Start,[3601_LHS_Step7A_Start],121,108.9,133.1,
1,360-1,360-1_Process_Image.png,2,Moulding/Filling,360-1_Filling.PNG,7A Knife Retract LHS Stop,[3601_LHS_Step7A_Stop],582,523.8,640.2,
1,360-1,360-1_Process_Image.png,2,Moulding/Filling,360-1_Filling.PNG,8 Extruder Lift LHS Start,[3601_LHS_Step8_Start],784,705.6,862.4,
1,360-1,360-1_Process_Image.png,2,Moulding/Filling,360-1_Filling.PNG,8 Extruder Lift LHS Stop,[3601_LHS_Step8_Stop],752,676.8,827.2,
1,360-1,360-1_Process_Image.png,2,Moulding/Filling,360-1_Filling.PNG,9 Cariage to Fill LHS Start,[3601_LHS_Step9_Start],873,785.7,960.3,
1,360-1,360-1_Process_Image.png,2,Moulding/Filling,360-1_Filling.PNG,9 Cariage to Fill LHS Stop,[3601_LHS_Step9_Stop],466,419.4,512.6,
1,360-1,360-1_Process_Image.png,2,Moulding/Filling,360-1_Filling.PNG,1 Car riage to Parison RHS Start,[3601_RHS_Step1_Start],759,683.1,834.9,
1,360-1,360-1_Process_Image.png,2,Moulding/Filling,360-1_Filling.PNG,1 Car riage to Parison RHS Stop,[3601_RHS_Step1_Stop],496,446.4,545.6,
1,360-1,360-1_Process_Image.png,2,Moulding/Filling,360-1_Filling.PNG,10 Dosing RHS Start,[3601_RHS_Step10_Start],793,713.7,872.3,
1,360-1,360-1_Process_Image.png,2,Moulding/Filling,360-1_Filling.PNG,10 Dosing RHS Stop,[3601_RHS_Step10_Stop],472,424.8,519.2,
1,360-1,360-1_Process_Image.png,2,Moulding/Filling,360-1_Filling.PNG,11 Head Mould Close R RHS Start,[3601_RHS_Step11_Start],370,333,407,
1,360-1,360-1_Process_Image.png,2,Moulding/Filling,360-1_Filling.PNG,11 Head Mould Close R RHS Stop,[3601_RHS_Step11_Stop],682,613.8,750.2,
1,360-1,360-1_Process_Image.png,2,Moulding/Filling,360-1_Filling.PNG,12 Head Mould Close L RHS Start,[3601_RHS_Step12_Start],59,53.1,64.9,
1,360-1,360-1_Process_Image.png,2,Moulding/Filling,360-1_Filling.PNG,12 Head Mould Close L RHS Stop,[3601_RHS_Step12_Stop],900,810,990,
1,360-1,360-1_Process_Image.png,2,Moulding/Filling,360-1_Filling.PNG,13 Head Mould Open R RHS Start,[3601_RHS_Step13_Start],283,254.7,311.3,
1,360-1,360-1_Process_Image.png,2,Moulding/Filling,360-1_Filling.PNG,13 Head Mould Open R RHS Stop,[3601_RHS_Step13_Stop],113,101.7,124.3,
1,360-1,360-1_Process_Image.png,2,Moulding/Filling,360-1_Filling.PNG,14 Head Mould Open L RHS Start,[3601_RHS_Step14_Start],539,485.1,592.9,
1,360-1,360-1_Process_Image.png,2,Moulding/Filling,360-1_Filling.PNG,14 Head Mould Open L RHS Stop,[3601_RHS_Step14_Stop],188,169.2,206.8,
1,360-1,360-1_Process_Image.png,2,Moulding/Filling,360-1_Filling.PNG,15 Mandrel Lift RHS Start,[3601_RHS_Step15_Start],120,108,132,
1,360-1,360-1_Process_Image.png,2,Moulding/Filling,360-1_Filling.PNG,15 Mandrel Lift RHS Stop,[3601_RHS_Step15_Stop],797,717.3,876.7,
1,360-1,360-1_Process_Image.png,2,Moulding/Filling,360-1_Filling.PNG,2 Mould Close R RHS Start,[3601_RHS_Step2_Start],404,363.6,444.4,
1,360-1,360-1_Process_Image.png,2,Moulding/Filling,360-1_Filling.PNG,2 Mould Close R RHS Stop,[3601_RHS_Step2_Stop],497,447.3,546.7,
1,360-1,360-1_Process_Image.png,2,Moulding/Filling,360-1_Filling.PNG,2A Mould Slow Close R RHS Start,[3601_RHS_Step2A_Start],230,207,253,
1,360-1,360-1_Process_Image.png,2,Moulding/Filling,360-1_Filling.PNG,2A Mould Slow Close R RHS Stop,[3601_RHS_Step2A_Stop],318,286.2,349.8,
1,360-1,360-1_Process_Image.png,2,Moulding/Filling,360-1_Filling.PNG,3 Mould Close L RHS Start,[3601_RHS_Step3_Start],663,596.7,729.3,
1,360-1,360-1_Process_Image.png,2,Moulding/Filling,360-1_Filling.PNG,3 Mould Close L RHS Stop,[3601_RHS_Step3_Stop],823,740.7,905.3,
1,360-1,360-1_Process_Image.png,2,Moulding/Filling,360-1_Filling.PNG,3A Mould Slow Close L RHS Start,[3601_RHS_Step3A_Start],584,525.6,642.4,
1,360-1,360-1_Process_Image.png,2,Moulding/Filling,360-1_Filling.PNG,3A Mould Slow Close L RHS Stop,[3601_RHS_Step3A_Stop],380,342,418,
1,360-1,360-1_Process_Image.png,2,Moulding/Filling,360-1_Filling.PNG,4 Vacuum Body RHS Start,[3601_RHS_Step4_Start],1000,900,1100,
1,360-1,360-1_Process_Image.png,2,Moulding/Filling,360-1_Filling.PNG,4 Vacuum Body RHS Stop,[3601_RHS_Step4_Stop],593,533.7,652.3,
1,360-1,360-1_Process_Image.png,2,Moulding/Filling,360-1_Filling.PNG,5 Parison Clamp Close RHS Start,[3601_RHS_Step5_Start],723,650.7,795.3,
1,360-1,360-1_Process_Image.png,2,Moulding/Filling,360-1_Filling.PNG,5 Parison Clamp Close RHS Stop,[3601_RHS_Step5_Stop],458,412.2,503.8,
1,360-1,360-1_Process_Image.png,2,Moulding/Filling,360-1_Filling.PNG,5A Parison Clamp Open RHS Start,[3601_RHS_Step5A_Start],880,792,968,
1,360-1,360-1_Process_Image.png,2,Moulding/Filling,360-1_Filling.PNG,5A Parison Clamp Open RHS Stop,[3601_RHS_Step5A_Stop],910,819,1001,
1,360-1,360-1_Process_Image.png,2,Moulding/Filling,360-1_Filling.PNG,6 Parison Vac RHS Start,[3601_RHS_Step6_Start],495,445.5,544.5,
1,360-1,360-1_Process_Image.png,2,Moulding/Filling,360-1_Filling.PNG,6 Parison Vac RHS Stop,[3601_RHS_Step6_Stop],242,217.8,266.2,
1,360-1,360-1_Process_Image.png,2,Moulding/Filling,360-1_Filling.PNG,7 Knife Extend  RHS Start,[3601_RHS_Step7_Start],127,114.3,139.7,
1,360-1,360-1_Process_Image.png,2,Moulding/Filling,360-1_Filling.PNG,7 Knife Extend  RHS Stop,[3601_RHS_Step7_Stop],230,207,253,
1,360-1,360-1_Process_Image.png,2,Moulding/Filling,360-1_Filling.PNG,7A Knife Retract RHS Start,[3601_RHS_Step7A_Start],396,356.4,435.6,
1,360-1,360-1_Process_Image.png,2,Moulding/Filling,360-1_Filling.PNG,7A Knife Retract RHS Stop,[3601_RHS_Step7A_Stop],933,839.7,1026.3,
1,360-1,360-1_Process_Image.png,2,Moulding/Filling,360-1_Filling.PNG,8 Extruder Lift RHS Start,[3601_RHS_Step8_Start],86,77.4,94.6,
1,360-1,360-1_Process_Image.png,2,Moulding/Filling,360-1_Filling.PNG,8 Extruder Lift RHS Stop,[3601_RHS_Step8_Stop],120,108,132,
1,360-1,360-1_Process_Image.png,2,Moulding/Filling,360-1_Filling.PNG,9 Cariage to Fill RHS Start,[3601_RHS_Step9_Start],38,34.2,41.8,
1,360-1,360-1_Process_Image.png,2,Moulding/Filling,360-1_Filling.PNG,9 Cariage to Fill RHS Stop,[3601_RHS_Step9_Stop],337,303.3,370.7,
1,360-1,360-1_Process_Image.png,2,Moulding/Filling,360-1_Filling.PNG,Mould close delay LHS Actual,[3601_T1],756,680.4,831.6,
1,360-1,360-1_Process_Image.png,2,Moulding/Filling,360-1_Filling.PNG,Mould close delay RHS Actual,[3601_T2],623,560.7,685.3,
1,360-1,360-1_Process_Image.png,2,Moulding/Filling,360-1_Filling.PNG,Mould closed time LHS Actual,[3601_T3],173,155.7,190.3,
1,360-1,360-1_Process_Image.png,2,Moulding/Filling,360-1_Filling.PNG,Mould closed time RHS Actual,[3601_T4],696,626.4,765.6,
1,360-1,360-1_Process_Image.png,2,Moulding/Filling,360-1_Filling.PNG,Del. Mould to fill position LHS Actual,[3601_T5],677,609.3,744.7,
1,360-1,360-1_Process_Image.png,2,Moulding/Filling,360-1_Filling.PNG,Del. Mould to fill position RHS Actual,[3601_T6],738,664.2,811.8,
1,360-1,360-1_Process_Image.png,2,Moulding/Filling,360-1_Filling.PNG,Mandrel down time LHS Actual,[3601_T7],663,596.7,729.3,
1,360-1,360-1_Process_Image.png,2,Moulding/Filling,360-1_Filling.PNG,Mandrel down time RHS Actual,[3601_T8],465,418.5,511.5,
1,360-1,360-1_Process_Image.png,2,Moulding/Filling,360-1_Filling.PNG,Delay mandrel lift LHS Actual,[3601_T9],393,353.7,432.3,
1,360-1,360-1_Process_Image.png,2,Moulding/Filling,360-1_Filling.PNG,Delay mandrel lift RHS Actual,[3601_T10],281,252.9,309.1,
1,360-1,360-1_Process_Image.png,2,Moulding/Filling,360-1_Filling.PNG,End mandrel lift LHS Actual,[3601_T11],494,444.6,543.4,
1,360-1,360-1_Process_Image.png,2,Moulding/Filling,360-1_Filling.PNG,End mandrel lift RHS Actual,[3601_T12],831,747.9,914.1,
1,360-1,360-1_Process_Image.png,2,Moulding/Filling,360-1_Filling.PNG,Delay sealing LHS Actual,[3601_T13],761,684.9,837.1,
1,360-1,360-1_Process_Image.png,2,Moulding/Filling,360-1_Filling.PNG,Delay sealing RHS Actual,[3601_T14],230,207,253,
1,360-1,360-1_Process_Image.png,2,Moulding/Filling,360-1_Filling.PNG,Sealing Time LHS Actual,[3601_T15],158,142.2,173.8,
1,360-1,360-1_Process_Image.png,2,Moulding/Filling,360-1_Filling.PNG,Sealing Time RHS Actual,[3601_T16],854,768.6,939.4,
1,360-1,360-1_Process_Image.png,2,Moulding/Filling,360-1_Filling.PNG,Delay drip suck back LHS Actual,[3601_T17],534,480.6,587.4,
1,360-1,360-1_Process_Image.png,2,Moulding/Filling,360-1_Filling.PNG,Delay drip suck back RHS Actual,[3601_T18],606,545.4,666.6,
1,360-1,360-1_Process_Image.png,2,Moulding/Filling,360-1_Filling.PNG,End drip suck back LHS Actual,[3601_T19],949,854.1,1043.9,
1,360-1,360-1_Process_Image.png,2,Moulding/Filling,360-1_Filling.PNG,End drip suck back RHS Actual,[3601_T20],403,362.7,443.3,
1,360-1,360-1_Process_Image.png,2,Moulding/Filling,360-1_Filling.PNG,Delay Vacuum to Parison Holder LHS Actual,[3601_T49],108,97.2,118.8,
1,360-1,360-1_Process_Image.png,2,Moulding/Filling,360-1_Filling.PNG,Delay Vacuum to Parison Holder RHS Actual,[3601_T50],948,853.2,1042.8,
1,360-1,360-1_Process_Image.png,2,Moulding/Filling,360-1_Filling.PNG,End Vacuum to Parison Holder LHS Actual,[3601_T51],314,282.6,345.4,
1,360-1,360-1_Process_Image.png,2,Moulding/Filling,360-1_Filling.PNG,End Vacuum to Parison Holder RHS Actual,[3601_T52],189,170.1,207.9,
1,360-1,360-1_Process_Image.png,2,Moulding/Filling,360-1_Filling.PNG,Delay Vacuum to Mould LHS Actual,[3601_T53],784,705.6,862.4,
1,360-1,360-1_Process_Image.png,2,Moulding/Filling,360-1_Filling.PNG,Delay Vacuum to Mould RHS Actual,[3601_T54],962,865.8,1058.2,
1,360-1,360-1_Process_Image.png,2,Moulding/Filling,360-1_Filling.PNG,End Vacuum to Mould LHS Actual,[3601_T55],189,170.1,207.9,
1,360-1,360-1_Process_Image.png,2,Moulding/Filling,360-1_Filling.PNG,End Vacuum to Mould RHS Actual,[3601_T56],590,531,649,
1,360-1,360-1_Process_Image.png,2,Moulding/Filling,360-1_Filling.PNG,Delay Vacuum to Head Mould LHS Actual,[3601_T57],589,530.1,647.9,
1,360-1,360-1_Process_Image.png,2,Moulding/Filling,360-1_Filling.PNG,Delay Vacuum to Head Mould RHS Actual,[3601_T58],560,504,616,
1,360-1,360-1_Process_Image.png,2,Moulding/Filling,360-1_Filling.PNG,End Vacuum to Head Mould LHS Actual,[3601_T59],116,104.4,127.6,
1,360-1,360-1_Process_Image.png,2,Moulding/Filling,360-1_Filling.PNG,End Vacuum to Head Mould RHS Actual,[3601_T60],961,864.9,1057.1,
1,360-1,360-1_Process_Image.png,2,Moulding/Filling,360-1_Filling.PNG,Delay Vacuum to Head Waste LHS Actual,[3601_T61],542,487.8,596.2,
1,360-1,360-1_Process_Image.png,2,Moulding/Filling,360-1_Filling.PNG,Delay Vacuum to Head Waste RHS Actual,[3601_T62],193,173.7,212.3,
1,360-1,360-1_Process_Image.png,2,Moulding/Filling,360-1_Filling.PNG,End Vacuum Head Waste LHS Actual,[3601_T63],317,285.3,348.7,
1,360-1,360-1_Process_Image.png,2,Moulding/Filling,360-1_Filling.PNG,End Vacuum Head Waste RHS Actual,[3601_T64],791,711.9,870.1,
1,360-1,360-1_Process_Image.png,2,Moulding/Filling,360-1_Filling.PNG,Filling delay LHS Actual,[3601_T65],644,579.6,708.4,
1,360-1,360-1_Process_Image.png,2,Moulding/Filling,360-1_Filling.PNG,Filling delay RHS Actual,[3601_T66],479,431.1,526.9,
1,360-1,360-1_Process_Image.png,2,Moulding/Filling,360-1_Filling.PNG,Setpoint central lubrication Actual,[3601_C114],942,847.8,1036.2,
1,360-1,360-1_Process_Image.png,3,Gripper,360-1_Gripper.png,"Gripper ""bp"" to waiting position LHS",[3601_DB20DW66],782,703.8,860.2,
1,360-1,360-1_Process_Image.png,3,Gripper,360-1_Gripper.png,"Gripper ""bp"" to waiting position RHS",[3601_DB20DW68],615,553.5,676.5,
1,360-1,360-1_Process_Image.png,3,Gripper,360-1_Gripper.png,IPC open by alarm,[3601_DB20DW70],464,417.6,510.4,
1,360-1,360-1_Process_Image.png,3,Gripper,360-1_Gripper.png,IPC open by alarm,[3601_DB20DW72],233,209.7,256.3,
1,360-1,360-1_Process_Image.png,3,Gripper,360-1_Gripper.png,Delay vacuum gripper vertical LHS,[3601_DB20DW90],243,218.7,267.3,
1,360-1,360-1_Process_Image.png,3,Gripper,360-1_Gripper.png,Delay vacuum gripper vertical RHS,[3601_DB20DW92],565,508.5,621.5,
1,360-1,360-1_Process_Image.png,3,Gripper,360-1_Gripper.png,Delay vacuum gripper horizontal LHS,[3601_DB20DW94],200,180,220,
1,360-1,360-1_Process_Image.png,3,Gripper,360-1_Gripper.png,Delay vacuum gripper horizontal RHS,[3601_DB20DW96],922,829.8,1014.2,
1,360-1,360-1_Process_Image.png,3,Gripper,360-1_Gripper.png,Delay Vacuum to Parison Holder LHS,[3601_DB20DW98],50,45,55,
1,360-1,360-1_Process_Image.png,3,Gripper,360-1_Gripper.png,Delay Vacuum to Parison Holder RHS,[3601_DB20DW100],105,94.5,115.5,
1,360-1,360-1_Process_Image.png,3,Gripper,360-1_Gripper.png,End Vacuum to Parison Holder LHS,[3601_DB20DW102],103,92.7,113.3,
1,360-1,360-1_Process_Image.png,3,Gripper,360-1_Gripper.png,End Vacuum to Parison Holder RHS,[3601_DB20DW104],922,829.8,1014.2,
1,360-1,360-1_Process_Image.png,3,Gripper,360-1_Gripper.png,"Gripper ""ST"" at IPC delivery LHS",[3601_DB22DW2],163,146.7,179.3,
1,360-1,360-1_Process_Image.png,3,Gripper,360-1_Gripper.png,"Gripper ""ST"" at IPC delivery RHS",[3601_DB22DW4],36,32.4,39.6,
1,360-1,360-1_Process_Image.png,3,Gripper,360-1_Gripper.png,"Gripper ""ST"" at punch LHS",[3601_DB22DW6],659,593.1,724.9,
1,360-1,360-1_Process_Image.png,3,Gripper,360-1_Gripper.png,"Gripper ""ST"" at punch RHS",[3601_DB22DW8],150,135,165,
1,360-1,360-1_Process_Image.png,3,Gripper,360-1_Gripper.png,"Gripper ""ST"" at waste LHS",[3601_DB22DW10],305,274.5,335.5,
1,360-1,360-1_Process_Image.png,3,Gripper,360-1_Gripper.png,"Gripper ""ST"" at waste RHS",[3601_DB22DW12],394,354.6,433.4,
1,360-1,360-1_Process_Image.png,3,Gripper,360-1_Gripper.png,Vacuum gripper at punch LHS,[3601_DB22DW14],250,225,275,
1,360-1,360-1_Process_Image.png,3,Gripper,360-1_Gripper.png,Vacuum gripper at punch RHS,[3601_DB22DW16],33,29.7,36.3,
1,360-1,360-1_Process_Image.png,3,Gripper,360-1_Gripper.png,Vacuum gripper at belt LHS,[3601_DB22DW18],565,508.5,621.5,
1,360-1,360-1_Process_Image.png,3,Gripper,360-1_Gripper.png,Vacuum gripper at belt RHS,[3601_DB22DW20],419,377.1,460.9,
1,360-1,360-1_Process_Image.png,3,Gripper,360-1_Gripper.png,"Gripper ""bp"" to waiting position LHS Actual",[3601_T33],551,495.9,606.1,
1,360-1,360-1_Process_Image.png,3,Gripper,360-1_Gripper.png,"Gripper ""bp"" to waiting position RHS Actual",[3601_T34],951,855.9,1046.1,
1,360-1,360-1_Process_Image.png,3,Gripper,360-1_Gripper.png,IPC open by alarm Actual,[3601_T35],202,181.8,222.2,
1,360-1,360-1_Process_Image.png,3,Gripper,360-1_Gripper.png,IPC open by alarm Actual,[3601_T36],683,614.7,751.3,
1,360-1,360-1_Process_Image.png,3,Gripper,360-1_Gripper.png,Delay vacuum gripper vertical LHS Actual,[3601_T45],831,747.9,914.1,
1,360-1,360-1_Process_Image.png,3,Gripper,360-1_Gripper.png,Delay vacuum gripper vertical RHS Actual,[3601_T46],634,570.6,697.4,
1,360-1,360-1_Process_Image.png,3,Gripper,360-1_Gripper.png,Delay vacuum gripper horizontal LHS Actual,[3601_T47],618,556.2,679.8,
1,360-1,360-1_Process_Image.png,3,Gripper,360-1_Gripper.png,Delay vacuum gripper horizontal RHS Actual,[3601_T48],526,473.4,578.6,
1,360-1,360-1_Process_Image.png,4,Staging,,,,,,,
1,360-1,360-1_Process_Image.png,5,Punch/Regrind,,,,,,,
1,360-1,360-1_Process_Image.png,6,Outfeed Conveyer,,Setpoint conveyor belt,[3601_DB30DW66],525,472.5,577.5,
1,360-1,360-1_Process_Image.png,8,Accumulator,,,,,,,
1,360-1,360-1_Process_Image.png,9,Surface treatment,,,,,,,
1,360-1,360-1_Process_Image.png,10,Pad Printing Station 1,,,,,,,
1,360-1,360-1_Process_Image.png,11,Pad Printing Station 2,,,,,,,
1,360-1,360-1_Process_Image.png,12,Vision System,,,,,,,
1,360-1,360-1_Process_Image.png,13,Neck Wetting Station 1,,,,,,,
1,360-1,360-1_Process_Image.png,14,Leak Detection Station 1,,,,,,,
1,360-1,360-1_Process_Image.png,15,Leak Detection Station 2,,,,,,,
1,360-1,360-1_Process_Image.png,16,Operator Inspection Stations No. 1&2,,,,,,,
1,360-1,360-1_Process_Image.png,17,Turntable & Conveyor,,,,,,,
1,360-1,360-1_Process_Image.png,18,Carton Packing,,,,,,,
1,360-1,360-1_Process_Image.png,19,Carton Checkweigher,,,,,,,
1,360-1,360-1_Process_Image.png,20,Pharmacode Verification,,,,,,,
1,360-1,360-1_Process_Image.png,21,Printer Variable Code,,,,,,,
1,360-1,360-1_Process_Image.png,22,Variable Print Presence,,,,,,,
1,360-1,360-1_Process_Image.png,23,Carton Collation,,,,,,,
1,360-1,360-1_Process_Image.png,24,Shipper Packing,,,,,,,
1,360-1,360-1_Process_Image.png,25,Taping & Labelling Machine,,,,,,,
2,360-2,360-1_Process_Image.png,,,,,,,,,
3,4010-1,4010_Process_Image.png,,,,,,,,,
4,4010-2,4010_Process_Image.png,,,,,,,,,
5,4010-3,4010_Process_Image.png,,,,,,,,,
6,4010-4,4010_Process_Image.png,,,,,,,,,
7,4010-5,4010_Process_Image.png,,,,,,,,,
8,4010-6,4010_Process_Image.png,,,,,,,,,
9,4010-7,4010_Process_Image.png,,,,,,,,,
10,4010-8,4010_Process_Image.png,,,,,,,,,
11,4010-9,4010_Process_Image.png,,,,,,,,,
12,4010-10,4010_Process_Image.png,,,,,,,,,
13,4010-11,4010_Process_Image.png,,,,,,,,,
